SET NAMES utf8mb4;
SET FOREIGN_KEY_CHECKS = 0;

-- ----------------------------
-- Table structure for acl_permission
-- ----------------------------
DROP TABLE IF EXISTS `acl_permission`;
CREATE TABLE `acl_permission`  (
  `id` char(19) CHARACTER SET utf8mb4 COLLATE utf8mb4_general_ci NOT NULL DEFAULT '' COMMENT '编号',
  `pid` char(19) CHARACTER SET utf8mb4 COLLATE utf8mb4_general_ci NOT NULL DEFAULT '' COMMENT '所属上级',
  `name` varchar(20) CHARACTER SET utf8mb4 COLLATE utf8mb4_general_ci NOT NULL DEFAULT '' COMMENT '名称',
  `type` tinyint(4) NOT NULL DEFAULT 0 COMMENT '类型(1:菜单,2:按钮)',
  `permission_value` varchar(50) CHARACTER SET utf8mb4 COLLATE utf8mb4_general_ci NULL DEFAULT NULL COMMENT '权限值',
  `path` varchar(100) CHARACTER SET utf8mb4 COLLATE utf8mb4_general_ci NULL DEFAULT NULL COMMENT '访问路径',
  `component` varchar(100) CHARACTER SET utf8mb4 COLLATE utf8mb4_general_ci NULL DEFAULT NULL COMMENT '组件路径',
  `icon` varchar(50) CHARACTER SET utf8mb4 COLLATE utf8mb4_general_ci NULL DEFAULT NULL COMMENT '图标',
  `status` tinyint(4) NULL DEFAULT NULL COMMENT '状态(0:禁止,1:正常)',
  `is_deleted` tinyint(3) UNSIGNED NOT NULL DEFAULT 0 COMMENT '逻辑删除 1（true）已删除， 0（false）未删除',
  `gmt_create` datetime(0) NULL DEFAULT NULL ON UPDATE CURRENT_TIMESTAMP(0) COMMENT '创建时间',
  `gmt_modified` datetime(0) NULL DEFAULT NULL ON UPDATE CURRENT_TIMESTAMP(0) COMMENT '更新时间',
  PRIMARY KEY (`id`) USING BTREE,
  INDEX `idx_pid`(`pid`) USING BTREE
) ENGINE = InnoDB CHARACTER SET = utf8mb4 COLLATE = utf8mb4_general_ci COMMENT = '权限' ROW_FORMAT = Dynamic;

-- ----------------------------
-- Records of acl_permission
-- ----------------------------
INSERT INTO `acl_permission` VALUES ('1', '0', '全部数据', 0, NULL, NULL, NULL, NULL, NULL, 0, '2019-11-15 17:13:06', '2019-11-15 17:13:06');
INSERT INTO `acl_permission` VALUES ('1195268474480156673', '1', '权限管理', 1, NULL, '/acl', 'Layout', 'password', NULL, 0, '2021-04-15 11:53:20', '2021-04-15 11:53:20');
INSERT INTO `acl_permission` VALUES ('1195268616021139457', '1195268474480156673', '用户管理', 1, NULL, 'user/list', '/acl/user/list', '', NULL, 0, '2021-04-15 11:54:51', '2021-04-15 11:54:51');
INSERT INTO `acl_permission` VALUES ('1195268788138598401', '1195268474480156673', '角色管理', 1, NULL, 'role/list', '/acl/role/list', '', NULL, 0, '2021-04-15 11:54:59', '2021-04-15 11:54:59');
INSERT INTO `acl_permission` VALUES ('1195268893830864898', '1195268474480156673', '菜单管理', 1, NULL, 'menu/list', '/acl/menu/list', NULL, NULL, 0, '2019-11-15 17:14:46', '2019-11-15 17:14:46');
INSERT INTO `acl_permission` VALUES ('1195269143060602882', '1195268616021139457', '查看', 2, 'user.list', '', '', NULL, NULL, 0, '2019-11-15 17:15:45', '2019-11-17 21:57:16');
INSERT INTO `acl_permission` VALUES ('1195269295926206466', '1195268616021139457', '添加', 2, 'user.add', 'user/add', '/acl/user/form', NULL, NULL, 0, '2019-11-15 17:16:22', '2019-11-15 17:16:22');
INSERT INTO `acl_permission` VALUES ('1195269473479483394', '1195268616021139457', '修改', 2, 'user.update', 'user/update/:id', '/acl/user/form', NULL, NULL, 0, '2019-11-15 17:17:04', '2019-11-15 17:17:04');
INSERT INTO `acl_permission` VALUES ('1195269547269873666', '1195268616021139457', '删除', 2, 'user.remove', '', '', NULL, NULL, 0, '2019-11-15 17:17:22', '2019-11-15 17:17:22');
INSERT INTO `acl_permission` VALUES ('1195269821262782465', '1195268788138598401', '修改', 2, 'role.update', 'role/update/:id', '/acl/role/form', NULL, NULL, 0, '2019-11-15 17:18:27', '2019-11-15 17:19:53');
INSERT INTO `acl_permission` VALUES ('1195269903542444034', '1195268788138598401', '查看', 2, 'role.list', '', '', NULL, NULL, 0, '2019-11-15 17:18:47', '2019-11-15 17:18:47');
INSERT INTO `acl_permission` VALUES ('1195270037005197313', '1195268788138598401', '添加', 2, 'role.add', 'role/add', '/acl/role/form', NULL, NULL, 0, '2019-11-15 17:19:19', '2019-11-18 11:05:42');
INSERT INTO `acl_permission` VALUES ('1195270442602782721', '1195268788138598401', '删除', 2, 'role.remove', '', '', NULL, NULL, 0, '2019-11-15 17:20:55', '2019-11-15 17:20:55');
INSERT INTO `acl_permission` VALUES ('1195270621548568578', '1195268788138598401', '角色权限', 2, 'role.acl', 'role/distribution/:id', '/acl/role/roleForm', NULL, NULL, 0, '2019-11-15 17:21:38', '2019-11-15 17:21:38');
INSERT INTO `acl_permission` VALUES ('1195270744097742849', '1195268893830864898', '查看', 2, 'permission.list', '', '', NULL, NULL, 0, '2019-11-15 17:22:07', '2019-11-15 17:22:07');
INSERT INTO `acl_permission` VALUES ('1195270810560684034', '1195268893830864898', '添加', 2, 'permission.add', '', '', NULL, NULL, 0, '2019-11-15 17:22:23', '2019-11-15 17:22:23');
INSERT INTO `acl_permission` VALUES ('1195270862100291586', '1195268893830864898', '修改', 2, 'permission.update', '', '', NULL, NULL, 0, '2019-11-15 17:22:35', '2019-11-15 17:22:35');
INSERT INTO `acl_permission` VALUES ('1195270887933009922', '1195268893830864898', '删除', 2, 'permission.remove', '', '', NULL, NULL, 0, '2019-11-15 17:22:41', '2019-11-15 17:22:41');
INSERT INTO `acl_permission` VALUES ('1195349439240048642', '1', '讲师管理', 1, NULL, '/teacher', 'Layout', 'user', NULL, 0, '2021-04-15 11:54:55', '2021-04-15 11:54:55');
INSERT INTO `acl_permission` VALUES ('1195349699995734017', '1195349439240048642', '讲师列表', 1, NULL, 'list', '/teacher/List', NULL, NULL, 0, '2019-11-15 22:35:52', '2019-11-15 22:35:52');
INSERT INTO `acl_permission` VALUES ('1195349810561781761', '1195349439240048642', '添加讲师', 1, NULL, 'create', '/teacher/Form', NULL, NULL, 0, '2019-11-15 22:36:18', '2019-11-15 22:36:18');
INSERT INTO `acl_permission` VALUES ('1195349876252971010', '1195349810561781761', '添加', 2, 'teacher.add', '', '', NULL, NULL, 0, '2019-11-15 22:36:34', '2019-11-15 22:36:34');
INSERT INTO `acl_permission` VALUES ('1195349979797753857', '1195349699995734017', '查看', 2, 'teacher.list', '', '', NULL, NULL, 0, '2019-11-15 22:36:58', '2019-11-15 22:36:58');
INSERT INTO `acl_permission` VALUES ('1195350117270261762', '1195349699995734017', '修改', 2, 'teacher.update', 'edit/:id', '/teacher/Form', NULL, NULL, 0, '2019-11-15 22:37:31', '2019-11-15 22:37:31');
INSERT INTO `acl_permission` VALUES ('1195350188359520258', '1195349699995734017', '删除', 2, 'teacher.remove', '', '', NULL, NULL, 0, '2019-11-15 22:37:48', '2019-11-15 22:37:48');
INSERT INTO `acl_permission` VALUES ('1195350299365969922', '1', '课程分类', 1, NULL, '/subject', 'Layout', 'example', NULL, 0, '2021-04-15 11:55:20', '2021-04-15 11:55:20');
INSERT INTO `acl_permission` VALUES ('1195350397751758850', '1195350299365969922', '课程分类列表', 1, NULL, 'list', '/subject/list', NULL, NULL, 0, '2019-11-15 22:38:38', '2019-11-15 22:38:38');
INSERT INTO `acl_permission` VALUES ('1195350500512206850', '1195350299365969922', '导入课程分类', 1, NULL, 'import', '/subject/import', NULL, NULL, 0, '2019-11-15 22:39:03', '2019-11-15 22:39:03');
INSERT INTO `acl_permission` VALUES ('1195350612172967938', '1195350397751758850', '查看', 2, 'subject.list', '', '', NULL, NULL, 0, '2019-11-15 22:39:29', '2019-11-15 22:39:29');
INSERT INTO `acl_permission` VALUES ('1195350687590748161', '1195350500512206850', '导入', 2, 'subject.import', '', '', NULL, NULL, 0, '2019-11-15 22:39:47', '2019-11-15 22:39:47');
INSERT INTO `acl_permission` VALUES ('1195350831744782337', '1', '课程管理', 1, NULL, '/course', 'Layout', 'form', NULL, 0, '2021-04-15 11:55:48', '2021-04-15 11:55:48');
INSERT INTO `acl_permission` VALUES ('1195350919074385921', '1195350831744782337', '课程列表', 1, NULL, 'list', '/course/List', NULL, NULL, 0, '2019-11-15 22:40:42', '2019-11-15 22:40:42');
INSERT INTO `acl_permission` VALUES ('1195351020463296513', '1195350831744782337', '发布课程', 1, NULL, 'info', '/course/Form', NULL, NULL, 0, '2019-11-15 22:41:06', '2019-11-15 22:41:06');
INSERT INTO `acl_permission` VALUES ('1195351159672246274', '1195350919074385921', '完成发布', 2, 'course.publish', 'publish/:id', '/course/Publish', NULL, NULL, 0, '2019-11-15 22:41:40', '2019-11-15 22:44:01');
INSERT INTO `acl_permission` VALUES ('1195351326706208770', '1195350919074385921', '编辑课程', 2, 'course.update', 'info/:id', '/course/Form', NULL, NULL, 0, '2019-11-15 22:42:19', '2019-11-15 22:42:19');
INSERT INTO `acl_permission` VALUES ('1195351566221938690', '1195350919074385921', '编辑课程大纲', 2, 'chapter.update', 'chapter/:id', '/course/Form', NULL, NULL, 0, '2019-11-15 22:43:17', '2019-11-15 22:43:17');
INSERT INTO `acl_permission` VALUES ('1195351862889254913', '1', '统计分析', 1, NULL, '/statistics', 'Layout', 'table', NULL, 0, '2021-04-15 11:56:02', '2021-04-15 11:56:02');
INSERT INTO `acl_permission` VALUES ('1195351968841568257', '1195351862889254913', '生成统计', 1, NULL, 'create', '/statistics/create', NULL, NULL, 0, '2019-11-15 22:44:53', '2019-11-15 22:44:53');
INSERT INTO `acl_permission` VALUES ('1195352054917074946', '1195351862889254913', '统计图表', 1, NULL, 'chart', '/statistics/chart', NULL, NULL, 0, '2019-11-15 22:45:13', '2019-11-15 22:45:13');
INSERT INTO `acl_permission` VALUES ('1195352127734386690', '1195352054917074946', '查看', 2, 'daily.list', '', '', NULL, NULL, 0, '2019-11-15 22:45:30', '2019-11-15 22:45:30');
INSERT INTO `acl_permission` VALUES ('1195352215768633346', '1195351968841568257', '生成', 2, 'daily.add', '', '', NULL, NULL, 0, '2019-11-15 22:45:51', '2019-11-15 22:45:51');
INSERT INTO `acl_permission` VALUES ('1195352547621965825', '1', 'CMS管理', 1, NULL, '/ad', 'Layout', 'nested', NULL, 0, '2021-04-15 11:56:23', '2021-04-15 11:56:23');
INSERT INTO `acl_permission` VALUES ('1195352856645701633', '1195353513549205505', '查看', 2, 'banner.list', '', NULL, NULL, NULL, 0, '2019-11-15 22:48:24', '2019-11-15 22:48:24');
INSERT INTO `acl_permission` VALUES ('1195352909401657346', '1195353513549205505', '添加', 2, 'banner.add', 'create', '/ad/form', NULL, NULL, 0, '2019-11-15 22:48:37', '2019-11-18 10:52:10');
INSERT INTO `acl_permission` VALUES ('1195353051395624961', '1195353513549205505', '修改', 2, 'banner.update', 'edit/:id', '/ad/form', NULL, NULL, 0, '2019-11-15 22:49:11', '2019-11-18 10:52:05');
INSERT INTO `acl_permission` VALUES ('1195353513549205505', '1195352547621965825', 'Bander列表', 1, NULL, '/list', '/ad/list', NULL, NULL, 0, '2019-11-15 22:51:01', '2019-11-18 10:51:29');
INSERT INTO `acl_permission` VALUES ('1195353672110673921', '1195353513549205505', '删除', 2, 'banner.remove', '', '', NULL, NULL, 0, '2019-11-15 22:51:39', '2019-11-15 22:51:39');
INSERT INTO `acl_permission` VALUES ('1195354076890370050', '1', '订单管理', 1, NULL, '/order', 'Layout', 'tree', NULL, 0, '2021-04-15 11:56:37', '2021-04-15 11:56:37');
INSERT INTO `acl_permission` VALUES ('1195354153482555393', '1195354076890370050', '订单列表', 1, NULL, 'list', '/order/list', NULL, NULL, 0, '2019-11-15 22:53:33', '2019-11-15 22:53:58');
INSERT INTO `acl_permission` VALUES ('1195354315093282817', '1195354153482555393', '查看', 2, 'order.list', '', '', NULL, NULL, 0, '2019-11-15 22:54:12', '2019-11-15 22:54:12');
INSERT INTO `acl_permission` VALUES ('1196301740985311234', '1195268616021139457', '分配角色', 2, 'user.assgin', 'user/role/:id', '/acl/user/roleForm', NULL, NULL, 0, '2019-11-18 13:38:56', '2019-11-18 13:38:56');
INSERT INTO `acl_permission` VALUES ('1381913444051116033', '1195352547621965825', '推荐位', 1, NULL, 'type-list', '/adType/list', NULL, NULL, 0, NULL, NULL);

-- ----------------------------
-- Table structure for acl_role
-- ----------------------------
DROP TABLE IF EXISTS `acl_role`;
CREATE TABLE `acl_role`  (
  `id` char(19) CHARACTER SET utf8 COLLATE utf8_general_ci NOT NULL DEFAULT '' COMMENT '角色id',
  `role_name` varchar(20) CHARACTER SET utf8 COLLATE utf8_general_ci NOT NULL DEFAULT '' COMMENT '角色名称',
  `role_code` varchar(20) CHARACTER SET utf8 COLLATE utf8_general_ci NULL DEFAULT NULL COMMENT '角色编码',
  `remark` varchar(255) CHARACTER SET utf8 COLLATE utf8_general_ci NULL DEFAULT NULL COMMENT '备注',
  `is_deleted` tinyint(3) UNSIGNED NOT NULL DEFAULT 0 COMMENT '逻辑删除 1（true）已删除， 0（false）未删除',
  `gmt_create` datetime(0) NULL DEFAULT NULL ON UPDATE CURRENT_TIMESTAMP(0) COMMENT '创建时间',
  `gmt_modified` datetime(0) NULL DEFAULT NULL ON UPDATE CURRENT_TIMESTAMP(0) COMMENT '更新时间',
  PRIMARY KEY (`id`) USING BTREE
) ENGINE = InnoDB CHARACTER SET = utf8 COLLATE = utf8_general_ci ROW_FORMAT = Dynamic;

-- ----------------------------
-- Records of acl_role
-- ----------------------------
INSERT INTO `acl_role` VALUES ('1', '普通管理员', NULL, NULL, 0, '2019-11-11 13:09:32', '2019-11-18 10:27:18');
INSERT INTO `acl_role` VALUES ('1193757683205607426', '课程管理员', NULL, NULL, 0, '2019-11-11 13:09:45', '2019-11-18 10:25:44');
INSERT INTO `acl_role` VALUES ('1381889463583563778', '超级管理员', NULL, NULL, 0, NULL, NULL);

-- ----------------------------
-- Table structure for acl_role_permission
-- ----------------------------
DROP TABLE IF EXISTS `acl_role_permission`;
CREATE TABLE `acl_role_permission`  (
  `id` char(19) CHARACTER SET utf8 COLLATE utf8_general_ci NOT NULL DEFAULT '',
  `role_id` char(19) CHARACTER SET utf8 COLLATE utf8_general_ci NOT NULL DEFAULT '',
  `permission_id` char(19) CHARACTER SET utf8 COLLATE utf8_general_ci NOT NULL DEFAULT '',
  `is_deleted` tinyint(3) UNSIGNED NOT NULL DEFAULT 0 COMMENT '逻辑删除 1（true）已删除， 0（false）未删除',
  `gmt_create` datetime(0) NULL DEFAULT NULL COMMENT '创建时间',
  `gmt_modified` datetime(0) NULL DEFAULT NULL COMMENT '更新时间',
  PRIMARY KEY (`id`) USING BTREE,
  INDEX `idx_role_id`(`role_id`) USING BTREE,
  INDEX `idx_permission_id`(`permission_id`) USING BTREE
) ENGINE = InnoDB CHARACTER SET = utf8 COLLATE = utf8_general_ci COMMENT = '角色权限' ROW_FORMAT = Dynamic;

-- ----------------------------
-- Records of acl_role_permission
-- ----------------------------
INSERT INTO `acl_role_permission` VALUES ('1381886577545838594', '1381886196929527809', '1195349439240048642', 0, NULL, NULL);
INSERT INTO `acl_role_permission` VALUES ('1381886577558421506', '1381886196929527809', '1195349699995734017', 0, NULL, NULL);
INSERT INTO `acl_role_permission` VALUES ('1381886577566810113', '1381886196929527809', '1195349979797753857', 0, NULL, NULL);
INSERT INTO `acl_role_permission` VALUES ('1381886577566810114', '1381886196929527809', '1195350117270261762', 0, NULL, NULL);
INSERT INTO `acl_role_permission` VALUES ('1381886577566810115', '1381886196929527809', '1195350188359520258', 0, NULL, NULL);
INSERT INTO `acl_role_permission` VALUES ('1381886577566810116', '1381886196929527809', '1195349810561781761', 0, NULL, NULL);
INSERT INTO `acl_role_permission` VALUES ('1381886577566810117', '1381886196929527809', '1195349876252971010', 0, NULL, NULL);
INSERT INTO `acl_role_permission` VALUES ('1381889578461356033', '1381889463583563778', '1', 0, NULL, NULL);
INSERT INTO `acl_role_permission` VALUES ('1381889578469744641', '1381889463583563778', '1195268474480156673', 0, NULL, NULL);
INSERT INTO `acl_role_permission` VALUES ('1381889578473938945', '1381889463583563778', '1195268616021139457', 0, NULL, NULL);
INSERT INTO `acl_role_permission` VALUES ('1381889578473938946', '1381889463583563778', '1195269143060602882', 0, NULL, NULL);
INSERT INTO `acl_role_permission` VALUES ('1381889578473938947', '1381889463583563778', '1195269295926206466', 0, NULL, NULL);
INSERT INTO `acl_role_permission` VALUES ('1381889578478133250', '1381889463583563778', '1195269473479483394', 0, NULL, NULL);
INSERT INTO `acl_role_permission` VALUES ('1381889578478133251', '1381889463583563778', '1195269547269873666', 0, NULL, NULL);
INSERT INTO `acl_role_permission` VALUES ('1381889578478133252', '1381889463583563778', '1196301740985311234', 0, NULL, NULL);
INSERT INTO `acl_role_permission` VALUES ('1381889578478133253', '1381889463583563778', '1195268788138598401', 0, NULL, NULL);
INSERT INTO `acl_role_permission` VALUES ('1381889578478133254', '1381889463583563778', '1195269821262782465', 0, NULL, NULL);
INSERT INTO `acl_role_permission` VALUES ('1381889578478133255', '1381889463583563778', '1195269903542444034', 0, NULL, NULL);
INSERT INTO `acl_role_permission` VALUES ('1381889578478133256', '1381889463583563778', '1195270037005197313', 0, NULL, NULL);
INSERT INTO `acl_role_permission` VALUES ('1381889578478133257', '1381889463583563778', '1195270442602782721', 0, NULL, NULL);
INSERT INTO `acl_role_permission` VALUES ('1381889578478133258', '1381889463583563778', '1195270621548568578', 0, NULL, NULL);
INSERT INTO `acl_role_permission` VALUES ('1381889578478133259', '1381889463583563778', '1195268893830864898', 0, NULL, NULL);
INSERT INTO `acl_role_permission` VALUES ('1381889578478133260', '1381889463583563778', '1195270744097742849', 0, NULL, NULL);
INSERT INTO `acl_role_permission` VALUES ('1381889578478133261', '1381889463583563778', '1195270810560684034', 0, NULL, NULL);
INSERT INTO `acl_role_permission` VALUES ('1381889578478133262', '1381889463583563778', '1195270862100291586', 0, NULL, NULL);
INSERT INTO `acl_role_permission` VALUES ('1381889578478133263', '1381889463583563778', '1195270887933009922', 0, NULL, NULL);
INSERT INTO `acl_role_permission` VALUES ('1381889578478133264', '1381889463583563778', '1195349439240048642', 0, NULL, NULL);
INSERT INTO `acl_role_permission` VALUES ('1381889578478133265', '1381889463583563778', '1195349699995734017', 0, NULL, NULL);
INSERT INTO `acl_role_permission` VALUES ('1381889578478133266', '1381889463583563778', '1195349979797753857', 0, NULL, NULL);
INSERT INTO `acl_role_permission` VALUES ('1381889578478133267', '1381889463583563778', '1195350117270261762', 0, NULL, NULL);
INSERT INTO `acl_role_permission` VALUES ('1381889578478133268', '1381889463583563778', '1195350188359520258', 0, NULL, NULL);
INSERT INTO `acl_role_permission` VALUES ('1381889578478133269', '1381889463583563778', '1195349810561781761', 0, NULL, NULL);
INSERT INTO `acl_role_permission` VALUES ('1381889578478133270', '1381889463583563778', '1195349876252971010', 0, NULL, NULL);
INSERT INTO `acl_role_permission` VALUES ('1381889578494910466', '1381889463583563778', '1195350299365969922', 0, NULL, NULL);
INSERT INTO `acl_role_permission` VALUES ('1381889578499104770', '1381889463583563778', '1195350397751758850', 0, NULL, NULL);
INSERT INTO `acl_role_permission` VALUES ('1381889578499104771', '1381889463583563778', '1195350612172967938', 0, NULL, NULL);
INSERT INTO `acl_role_permission` VALUES ('1381889578499104772', '1381889463583563778', '1195350500512206850', 0, NULL, NULL);
INSERT INTO `acl_role_permission` VALUES ('1381889578499104773', '1381889463583563778', '1195350687590748161', 0, NULL, NULL);
INSERT INTO `acl_role_permission` VALUES ('1381889578499104774', '1381889463583563778', '1195350831744782337', 0, NULL, NULL);
INSERT INTO `acl_role_permission` VALUES ('1381889578499104775', '1381889463583563778', '1195350919074385921', 0, NULL, NULL);
INSERT INTO `acl_role_permission` VALUES ('1381889578503299074', '1381889463583563778', '1195351159672246274', 0, NULL, NULL);
INSERT INTO `acl_role_permission` VALUES ('1381889578503299075', '1381889463583563778', '1195351326706208770', 0, NULL, NULL);
INSERT INTO `acl_role_permission` VALUES ('1381889578503299076', '1381889463583563778', '1195351566221938690', 0, NULL, NULL);
INSERT INTO `acl_role_permission` VALUES ('1381889578507493378', '1381889463583563778', '1195351020463296513', 0, NULL, NULL);
INSERT INTO `acl_role_permission` VALUES ('1381889578507493379', '1381889463583563778', '1195351862889254913', 0, NULL, NULL);
INSERT INTO `acl_role_permission` VALUES ('1381889578507493380', '1381889463583563778', '1195351968841568257', 0, NULL, NULL);
INSERT INTO `acl_role_permission` VALUES ('1381889578507493381', '1381889463583563778', '1195352215768633346', 0, NULL, NULL);
INSERT INTO `acl_role_permission` VALUES ('1381889578511687682', '1381889463583563778', '1195352054917074946', 0, NULL, NULL);
INSERT INTO `acl_role_permission` VALUES ('1381889578511687683', '1381889463583563778', '1195352127734386690', 0, NULL, NULL);
INSERT INTO `acl_role_permission` VALUES ('1381889578511687684', '1381889463583563778', '1195352547621965825', 0, NULL, NULL);
INSERT INTO `acl_role_permission` VALUES ('1381889578511687685', '1381889463583563778', '1195353513549205505', 0, NULL, NULL);
INSERT INTO `acl_role_permission` VALUES ('1381889578511687686', '1381889463583563778', '1195352856645701633', 0, NULL, NULL);
INSERT INTO `acl_role_permission` VALUES ('1381889578511687687', '1381889463583563778', '1195352909401657346', 0, NULL, NULL);
INSERT INTO `acl_role_permission` VALUES ('1381889578515881986', '1381889463583563778', '1195353051395624961', 0, NULL, NULL);
INSERT INTO `acl_role_permission` VALUES ('1381889578515881987', '1381889463583563778', '1195353672110673921', 0, NULL, NULL);
INSERT INTO `acl_role_permission` VALUES ('1381889578515881988', '1381889463583563778', '1195354076890370050', 0, NULL, NULL);
INSERT INTO `acl_role_permission` VALUES ('1381889578515881989', '1381889463583563778', '1195354153482555393', 0, NULL, NULL);
INSERT INTO `acl_role_permission` VALUES ('1381889578515881990', '1381889463583563778', '1195354315093282817', 0, NULL, NULL);
INSERT INTO `acl_role_permission` VALUES ('1381896795679940610', '1193757683205607426', '1', 0, NULL, NULL);
INSERT INTO `acl_role_permission` VALUES ('1381896795684134913', '1193757683205607426', '1195349439240048642', 0, NULL, NULL);
INSERT INTO `acl_role_permission` VALUES ('1381896795688329218', '1193757683205607426', '1195349699995734017', 0, NULL, NULL);
INSERT INTO `acl_role_permission` VALUES ('1381896795688329219', '1193757683205607426', '1195349979797753857', 0, NULL, NULL);
INSERT INTO `acl_role_permission` VALUES ('1381896795688329220', '1193757683205607426', '1195350117270261762', 0, NULL, NULL);
INSERT INTO `acl_role_permission` VALUES ('1381896795688329221', '1193757683205607426', '1195350188359520258', 0, NULL, NULL);
INSERT INTO `acl_role_permission` VALUES ('1381896795688329222', '1193757683205607426', '1195349810561781761', 0, NULL, NULL);
INSERT INTO `acl_role_permission` VALUES ('1381896795688329223', '1193757683205607426', '1195349876252971010', 0, NULL, NULL);
INSERT INTO `acl_role_permission` VALUES ('1381896795688329224', '1193757683205607426', '1195350831744782337', 0, NULL, NULL);
INSERT INTO `acl_role_permission` VALUES ('1381896795688329225', '1193757683205607426', '1195350919074385921', 0, NULL, NULL);
INSERT INTO `acl_role_permission` VALUES ('1381896795688329226', '1193757683205607426', '1195351159672246274', 0, NULL, NULL);
INSERT INTO `acl_role_permission` VALUES ('1381896795688329227', '1193757683205607426', '1195351326706208770', 0, NULL, NULL);
INSERT INTO `acl_role_permission` VALUES ('1381896795688329228', '1193757683205607426', '1195351566221938690', 0, NULL, NULL);
INSERT INTO `acl_role_permission` VALUES ('1381896795688329229', '1193757683205607426', '1195351020463296513', 0, NULL, NULL);
INSERT INTO `acl_role_permission` VALUES ('1381897814472187906', '1', '1', 0, NULL, NULL);
INSERT INTO `acl_role_permission` VALUES ('1381897814476382210', '1', '1195350831744782337', 0, NULL, NULL);
INSERT INTO `acl_role_permission` VALUES ('1381897814480576514', '1', '1195350919074385921', 0, NULL, NULL);
INSERT INTO `acl_role_permission` VALUES ('1381897814480576515', '1', '1195351159672246274', 0, NULL, NULL);
INSERT INTO `acl_role_permission` VALUES ('1381897814480576516', '1', '1195351862889254913', 0, NULL, NULL);
INSERT INTO `acl_role_permission` VALUES ('1381897814480576517', '1', '1195351968841568257', 0, NULL, NULL);
INSERT INTO `acl_role_permission` VALUES ('1381897814480576518', '1', '1195352215768633346', 0, NULL, NULL);
INSERT INTO `acl_role_permission` VALUES ('1381897814480576519', '1', '1195352054917074946', 0, NULL, NULL);
INSERT INTO `acl_role_permission` VALUES ('1381897814484770818', '1', '1195352127734386690', 0, NULL, NULL);
INSERT INTO `acl_role_permission` VALUES ('1381897814484770819', '1', '1195352547621965825', 0, NULL, NULL);
INSERT INTO `acl_role_permission` VALUES ('1381897814484770820', '1', '1195353513549205505', 0, NULL, NULL);
INSERT INTO `acl_role_permission` VALUES ('1381897814484770821', '1', '1195352856645701633', 0, NULL, NULL);
INSERT INTO `acl_role_permission` VALUES ('1381897814484770822', '1', '1195352909401657346', 0, NULL, NULL);
INSERT INTO `acl_role_permission` VALUES ('1381897814484770823', '1', '1195353051395624961', 0, NULL, NULL);
INSERT INTO `acl_role_permission` VALUES ('1381897814484770824', '1', '1195353672110673921', 0, NULL, NULL);

-- ----------------------------
-- Table structure for acl_user
-- ----------------------------
DROP TABLE IF EXISTS `acl_user`;
CREATE TABLE `acl_user`  (
  `id` char(19) CHARACTER SET utf8mb4 COLLATE utf8mb4_general_ci NOT NULL COMMENT '会员id',
  `username` varchar(20) CHARACTER SET utf8mb4 COLLATE utf8mb4_general_ci NOT NULL DEFAULT '' COMMENT '微信openid',
  `password` varchar(32) CHARACTER SET utf8mb4 COLLATE utf8mb4_general_ci NOT NULL DEFAULT '' COMMENT '密码',
  `nick_name` varchar(50) CHARACTER SET utf8mb4 COLLATE utf8mb4_general_ci NULL DEFAULT NULL COMMENT '昵称',
  `salt` varchar(255) CHARACTER SET utf8mb4 COLLATE utf8mb4_general_ci NULL DEFAULT NULL COMMENT '用户头像',
  `token` varchar(100) CHARACTER SET utf8mb4 COLLATE utf8mb4_general_ci NULL DEFAULT NULL COMMENT '用户签名',
  `is_deleted` tinyint(3) UNSIGNED NOT NULL DEFAULT 0 COMMENT '逻辑删除 1（true）已删除， 0（false）未删除',
  `gmt_create` datetime(0) NULL DEFAULT NULL COMMENT '创建时间',
  `gmt_modified` datetime(0) NULL DEFAULT NULL COMMENT '更新时间',
  PRIMARY KEY (`id`) USING BTREE,
  UNIQUE INDEX `uk_username`(`username`) USING BTREE
) ENGINE = InnoDB CHARACTER SET = utf8mb4 COLLATE = utf8mb4_general_ci COMMENT = '用户表' ROW_FORMAT = Dynamic;

-- ----------------------------
-- Records of acl_user
-- ----------------------------
INSERT INTO `acl_user` VALUES ('1', 'admin', '96e79218965eb72c92a549dd5a330112', 'admin', '', NULL, 0, '2019-11-01 10:39:47', '2019-11-01 10:39:47');
INSERT INTO `acl_user` VALUES ('1381891625176850433', 'arman', 'e10adc3949ba59abbe56e057f20f883e', 'arman', NULL, NULL, 0, NULL, NULL);
INSERT INTO `acl_user` VALUES ('2', 'test', '96e79218965eb72c92a549dd5a330112', 'test', NULL, NULL, 0, '2019-11-01 16:36:07', '2019-11-01 16:40:08');

-- ----------------------------
-- Table structure for acl_user_role
-- ----------------------------
DROP TABLE IF EXISTS `acl_user_role`;
CREATE TABLE `acl_user_role`  (
  `id` char(19) CHARACTER SET utf8 COLLATE utf8_general_ci NOT NULL DEFAULT '' COMMENT '主键id',
  `role_id` char(19) CHARACTER SET utf8 COLLATE utf8_general_ci NOT NULL DEFAULT '0' COMMENT '角色id',
  `user_id` char(19) CHARACTER SET utf8 COLLATE utf8_general_ci NOT NULL DEFAULT '0' COMMENT '用户id',
  `is_deleted` tinyint(3) UNSIGNED NOT NULL DEFAULT 0 COMMENT '逻辑删除 1（true）已删除， 0（false）未删除',
  `gmt_create` datetime(0) NULL DEFAULT NULL COMMENT '创建时间',
  `gmt_modified` datetime(0) NULL DEFAULT NULL COMMENT '更新时间',
  PRIMARY KEY (`id`) USING BTREE,
  INDEX `idx_role_id`(`role_id`) USING BTREE,
  INDEX `idx_user_id`(`user_id`) USING BTREE
) ENGINE = InnoDB CHARACTER SET = utf8 COLLATE = utf8_general_ci ROW_FORMAT = Dynamic;

-- ----------------------------
-- Records of acl_user_role
-- ----------------------------
INSERT INTO `acl_user_role` VALUES ('1381889628168052737', '1381889463583563778', '1', 0, NULL, NULL);
INSERT INTO `acl_user_role` VALUES ('1381896479504916481', '1193757683205607426', '2', 0, NULL, NULL);
INSERT INTO `acl_user_role` VALUES ('1381897570946703361', '1', '1381891625176850433', 0, NULL, NULL);

SET FOREIGN_KEY_CHECKS = 1;
